residu,plddt,classe
1,49.59,Très faible (< 50)
2,52.16,Faible (50–70)
3,55.44,Faible (50–70)
4,61.12,Faible (50–70)
5,67.50,Faible (50–70)
6,76.62,Élevée (70–90)
7,78.44,Élevée (70–90)
8,74.25,Élevée (70–90)
9,70.75,Élevée (70–90)
10,79.31,Élevée (70–90)
11,80.38,Élevée (70–90)
12,77.94,Élevée (70–90)
13,80.31,Élevée (70–90)
14,82.38,Élevée (70–90)
15,84.12,Élevée (70–90)
16,81.56,Élevée (70–90)
17,85.12,Élevée (70–90)
18,86.81,Élevée (70–90)
19,84.12,Élevée (70–90)
20,85.00,Élevée (70–90)
21,89.12,Élevée (70–90)
22,84.56,Élevée (70–90)
23,89.44,Élevée (70–90)
24,87.69,Élevée (70–90)
25,91.81,Très élevée (≥ 90)
26,89.62,Élevée (70–90)
27,92.06,Très élevée (≥ 90)
28,91.31,Très élevée (≥ 90)
29,91.62,Très élevée (≥ 90)
30,89.12,Élevée (70–90)
31,89.88,Élevée (70–90)
32,90.69,Très élevée (≥ 90)
33,86.12,Élevée (70–90)
34,86.00,Élevée (70–90)
35,86.62,Élevée (70–90)
36,80.94,Élevée (70–90)
37,77.94,Élevée (70–90)
38,80.44,Élevée (70–90)
39,72.75,Élevée (70–90)
40,69.69,Faible (50–70)
41,70.75,Élevée (70–90)
42,78.94,Élevée (70–90)
43,86.81,Élevée (70–90)
44,84.25,Élevée (70–90)
45,89.38,Élevée (70–90)
46,89.00,Élevée (70–90)
47,88.69,Élevée (70–90)
48,82.81,Élevée (70–90)
49,86.31,Élevée (70–90)
50,88.19,Élevée (70–90)
51,86.31,Élevée (70–90)
52,83.06,Élevée (70–90)
53,86.25,Élevée (70–90)
54,87.38,Élevée (70–90)
55,81.94,Élevée (70–90)
56,81.12,Élevée (70–90)
57,87.06,Élevée (70–90)
58,83.00,Élevée (70–90)
59,87.00,Élevée (70–90)
60,86.25,Élevée (70–90)
61,88.44,Élevée (70–90)
62,86.94,Élevée (70–90)
63,90.25,Très élevée (≥ 90)
64,90.69,Très élevée (≥ 90)
65,91.31,Très élevée (≥ 90)
66,85.81,Élevée (70–90)
67,86.06,Élevée (70–90)
68,86.69,Élevée (70–90)
69,83.44,Élevée (70–90)
70,81.81,Élevée (70–90)
71,80.62,Élevée (70–90)
72,76.31,Élevée (70–90)
73,75.31,Élevée (70–90)
74,71.44,Élevée (70–90)
75,69.00,Faible (50–70)
76,65.50,Faible (50–70)
77,63.97,Faible (50–70)
78,60.75,Faible (50–70)
79,55.88,Faible (50–70)
80,52.75,Faible (50–70)
81,56.81,Faible (50–70)
82,62.28,Faible (50–70)
83,69.62,Faible (50–70)
84,71.38,Élevée (70–90)
85,73.19,Élevée (70–90)
86,81.00,Élevée (70–90)
87,82.62,Élevée (70–90)
88,84.62,Élevée (70–90)
89,84.56,Élevée (70–90)
90,88.00,Élevée (70–90)
91,87.75,Élevée (70–90)
92,87.69,Élevée (70–90)
93,88.81,Élevée (70–90)
94,91.38,Très élevée (≥ 90)
95,88.00,Élevée (70–90)
96,91.62,Très élevée (≥ 90)
97,89.44,Élevée (70–90)
98,92.75,Très élevée (≥ 90)
99,91.50,Très élevée (≥ 90)
100,93.62,Très élevée (≥ 90)
101,94.00,Très élevée (≥ 90)
102,93.38,Très élevée (≥ 90)
103,91.81,Très élevée (≥ 90)
104,91.62,Très élevée (≥ 90)
105,91.62,Très élevée (≥ 90)
106,89.62,Élevée (70–90)
107,89.06,Élevée (70–90)
108,87.25,Élevée (70–90)
109,86.75,Élevée (70–90)
110,86.75,Élevée (70–90)
111,84.06,Élevée (70–90)
112,78.38,Élevée (70–90)
113,77.75,Élevée (70–90)
114,80.62,Élevée (70–90)
115,82.56,Élevée (70–90)
116,82.44,Élevée (70–90)
117,84.44,Élevée (70–90)
118,89.06,Élevée (70–90)
119,88.19,Élevée (70–90)
120,89.75,Élevée (70–90)
121,89.00,Élevée (70–90)
122,90.06,Très élevée (≥ 90)
123,90.12,Très élevée (≥ 90)
124,90.38,Très élevée (≥ 90)
125,88.31,Élevée (70–90)
126,90.00,Très élevée (≥ 90)
127,90.50,Très élevée (≥ 90)
128,88.50,Élevée (70–90)
129,87.81,Élevée (70–90)
130,91.56,Très élevée (≥ 90)
131,88.62,Élevée (70–90)
132,90.94,Très élevée (≥ 90)
133,90.00,Très élevée (≥ 90)
134,91.31,Très élevée (≥ 90)
135,90.44,Très élevée (≥ 90)
136,92.94,Très élevée (≥ 90)
137,93.88,Très élevée (≥ 90)
138,93.06,Très élevée (≥ 90)
139,89.12,Élevée (70–90)
140,88.88,Élevée (70–90)
141,90.12,Très élevée (≥ 90)
142,87.88,Élevée (70–90)
143,85.44,Élevée (70–90)
144,84.00,Élevée (70–90)
145,82.94,Élevée (70–90)
146,79.44,Élevée (70–90)
147,74.25,Élevée (70–90)
148,67.19,Faible (50–70)
149,43.03,Très faible (< 50)
